{"Version":6,"Name":"FFS_The Empty Day","Author":"flareflareflarestar","CameraFollowMode":0,"LastLocationMount":false,"LocationModel":{"Version":6,"LocationType":0,"TitleScreenLogo":6,"TerritoryPath":"ex3/01_nvt_n4/goe/n4gz/level/n4gz","TerritoryTypeId":965,"LayoutTerritoryTypeId":965,"LayoutLayerFilterKey":0,"Position":{"X":10.396241,"Y":-3.1942406,"Z":12.114533},"CameraPosition":{"X":38.98433,"Y":12.616784,"Z":45.12155},"Rotation":-0.0011687279,"Yaw":-0.3048724,"Roll":0.0,"Pitch":0.12426236,"Fov":0.78,"WeatherId":1,"TimeOffset":1557,"BgmId":742,"BgmPath":"music/ex3/BGM_EX3_Event_20.scd","MovementMode":0,"Mount":{"LastLocationMount":false,"MountId":0,"BuddyModelTop":0,"BuddyModelBody":0,"BuddyModelLegs":0,"BuddyStain":0},"Active":[8048350,8268938,8048377,8048378,8048380,8048397,8048400,8048430,8048741,8048743,8048753,8048755,8048965,8105328,8107604,8107605,8107606,8107607,8107608,8107609,8107610,8107611,8107613,8107614,8107615,8107616,8107617,8107618,8107619,8125290,8125291,8125292,8125293,8125294,8125295,8125297,8125299,8125300,8125301,8125302,8125303,8125304,8125305,8126677,8126678,8126681,8126685,8126686,8126687,8126688,8126689,8129340,8129341,8129755,8129795,8129796,8129800,8129802,8129809,8129810,8129811,8129812,8129813,8129814,8129817,8129818,8129819,8129821,8129822,8129823,8129851,72057594046057787,8131001,8131003,8131004,8131998,8131999,8132000,8132001,8132002,8132011,8132013,8132025,8132030,8132031,8132032,8132033,8132034,8132035,8132036,8132037,8132038,8132044,8132046,8132047,8132048,8132049,8132050,8132051,8132053,8132054,8132057,8132059,8132067,8132179,8132320,8132321,8132322,8132323,8132324,8132325,8132326,8132474,8132475,8132476,8132479,8132480,8132482,8132563,8132565,8132566,8132567,8105789,8105795,8105796,8105799,8105800,8105801,8105802,8105803,8105804,8105805,8105806,8105807,8105808,8105809,8105810,8105811,8105813,8105814,8105815,8105816,8105817,8105818,8105819,8105823,8105825,8105826,8105828,8105829,8105830,8105832,8105833,8105834,8105835,8105836,8105839,8105840,8105841,8105842,8105847,8105849,8105852,8105856,8105857,8105858,8105859,8105862,8105867,8105872,8105874,8105876,8105877,8105879,8105880,8105881,8105883,8105886,8105887,8105888,8105889,8105890,8105891,8105892,8105893,8105894,8105895,8105896,8105897,8105898,8105899,8105900,8105902,8105903,8105904,8105905,8105906,8105907,8105908,8105909,8105916,8105917,8105918,8105919,8105920,8105921,8105924,8105925,8105926,8105951,8105952,8105953,8105954,8105955,8105957,8105960,8105961,8105962,8105963,8105964,8105965,8106008,8106010,8106016,8106018,8106019,8106020,8106021,8106022,8106024,8106025,8106035,8106037,8106038,8106040,8106041,8106042,8106044,8106046,8106047,8106059,8106078,8106084,8106088,8106109,8106111,8106112,8106113,8106117,8106118,8106119,8106120,8106122,8106129,8106130,8106131,8106132,8106133,8106134,8106135,8106136,8106137,8106138,8106139,8106140,8106141,8106142,8106143,8106144,8106147,8106149,8106150,8106152,8106153,8106154,8106156,8106163,8106164,8106166,8106167,8106169,8106170,8106171,8106231,8106232,8106234,8106235,8106236,8106237,8106267,8106268,8106269,8106270,8106271,8106272,8106275,8106276,8106277,8106278,8106279,8106281,8106282,8106283,8106284,8106285,8106288,8106289,8106290,8106291,8106292,8106293,8106294,8106296,8106297,8106298,8106299,8106300,8106301,8106302,8106303,8106304,8106305,8106306,8106307,8106308,8106364,8106372,8106378,8106379,8106381,8106382,8106383,8106384,8106385,8106387,8106388,8106390,8106391,8106393,8106394,8106395,8106397,8106402,8106405,8106408,8106411,8106412,8106413,8106414,8106415,8106416,8106417,8106419,8106421,8106422,8106423,8106424,8106425,8106426,8106427,8106428,8106429,8106430,8106431,8106432,8106433,8106434,8106435,8106436,8106437,8106438,8106439,8106440,8106441,8106442,8106443,8106444,8106445,8106446,8106447,8106448,8106450,8106465,8106466,8106468,8106469,8106470,8106472,8106474,8106475,8106477,8106480,8106489,8106497,8106531,8106654,8106655,8106658,8106659,8106660,8106661,8106662,8106663,8106664,8106665,8106667,8106669,8106671,8106674,8106678,8106679,8106683,8106684,8106685,8106686,8106687,8106688,8106690,8106692,8106694,8106695,8106700,8106701,8106702,8106710,8106711,8106712,8106713,8106714,8106717,8106718,8106720,8106721,8106722,8106723,8106724,8106725,8106726,8106728,8106730,8106731,8106732,8106741,8106742,8106744,8106746,8106747,8106748,8106749,8106750,8106751,8106752,8106753,8106764,8106765,8106766,8106767,8106769,8106788,8106863,8106864,8106865,8106867,8106870,8106871,8106872,8106873,8106877,8106878,8106880,8106881,8106882,8106884,8106885,8106887,8106889,8106897,8106899,8106901,8106902,8106903,8106906,8106911,8106913,8106917,8106918,8106944,8106945,8106946,8106947,8106948,8106949,8106950,8106951,8106953,8106954,8106955,8106957,8106960,8106965,8106966,8106967,8106968,8106969,8106970,8106971,8106972,8106973,8106974,8106975,8106976,8106977,8106978,8106979,8106981,8106982,8106983,8106984,8106985,8106986,8106987,8106988,8106989,8106990,8106991,8106992,8106993,8106995,8106997,8106998,8106999,8107000,8107002,8107003,8107004,8107005,8107006,8107007,8107085,8107086,8107087,8107088,8107089,8107152,8107153,8107155,8107157,8107181,8107183,8107184,8107186,8107189,8107192,8107198,8107199,8107200,8107202,8107207,8107211,8107213,8107215,8107217,8107220,8107226,8107228,8107229,8107230,8107234,8107235,8107261,8107262,8107263,8107264,8107265,8107266,8107267,8107268,8107269,8107270,8107271,8107272,8107273,8107274,8107275,8107276,8107277,8107278,8107279,8107522,8107919,8107920,8107921,8107922,8107923,8107924,8107925,8107926,8107927,8107928,8107929,8107930,8107931,8107932,8107933,8107934,8107935,8107936,8107937,8107938,8107939,8107958,8112225,8112226,8112311,8112314,8112315,8112316,8112317,8112318,8112319,8112320,8112321,8112322,8112323,8112324,8112325,8112326,8112327,8112328,8112329,8112330,8112331,8112332,8112333,8112334,8112336,8112337,8112339,8112340,8112341,8112342,8112343,8112344,8112345,8122082,8122085,8122087,8122091,8122093,8122094,8122095,8122098,8122101,8122106,8122113,8123304,8123305,8123307,8123308,8123309,8123311,8123312,8123313,8123781,8123782,8123783,8123784,8123785,8123786,8123787,8123788,8123789,8123790,8123791,8123792,8123794,8123795,8124094,8124101,8124102,8124107,8124114,8124117,8124118,8124119,8124138,8124229,8124285,8124286,8124308,8124309,8124310,8124311,8124313,8124314,8124316,8124317,8124318,8124319,8124320,8124321,8124322,8124323,8124324,8124325,8124326,8124327,8124328,8124329,8124330,8124335,8124355,8124356,8124382,8124384,8124385,8124386,8124387,8124388,8124390,8124391,8124392,8124393,8124394,8124396,8124397,8124399,8124401,8124402,8124403,8124404,8124405,8124408,8124409,8124412,8124415,8124416,8124417,8124433,8124435,8124442,8124443,8124447,8124448,8124450,8124451,8124455,8124456,8124457,8124458,8124459,8124461,8124462,8124463,8124464,8124468,8124469,8124770,8124773,8124874,8124875,8124876,8124877,8124878,8124879,8124880,8124881,8124882,8124883,8124884,8124885,8124886,8124887,8124888,8124889,8124890,8124891,8124892,8124896,8124897,8124899,8124900,8124901,8124902,8124903,8124904,8124905,8124906,8124907,8124908,8124909,8124910,8124911,8124912,8124913,8124914,8124915,8124916,8124917,8124919,8124920,8124922,8124923,8124924,8124937,8124938,8124939,8124940,8124941,8124942,8124943,8124944,8124945,8124947,8124951,8124952,8124953,8124954,8124955,8124956,8124957,8124958,8124960,8124961,8124992,8124993,8124994,8124995,8124996,8124997,8124998,8124999,8125000,8125001,8125009,8125028,8125029,8125031,8125032,8125034,8125036,8125037,8125038,8125039,8125040,8125041,8125042,8125043,8125044,8125306,8125307,8125308,8125309,8125310,8125311,8125312,8125314,8125315,8125316,8125317,8125319,8125320,8125321,8125322,8125323,8125324,8125325,8125326,8125328,8125329,8125331,8126756,8126757,8126758,8126759,8126760,8126761,8126762,8126763,8126764,8126765,8126766,8126767,8126768,8126769,8126770,8126771,8126772,8126773,8126774,8126775,8126776,8126777,8126778,8126779,8126780,8126783,8126784,8126785,8126786,8126787,8126788,8126790,8126792,8129117,8129120,